Id,Open.Date,City,Type,P1,P2,P3,P4,P5,P6,P7,P8,P9,P10,P11,P12,P13,P14,P15,P16,P17,P18,P19,P20,P21,P22,P23,P24,P25,P26,P27,P28,P29,P30,P31,P32,P33,P34,P35,P36,P37,revenue,,R2,error,error%,,,,
0,5.647041667,İstanbul,IL,4,5,4,4,2,2,5,4,5,5,3,5,5,1,2,2,2,4,5,4,1,3,3,1,1,1,4,2,3,5,3,4,5,5,4,3,4,15.54783013,15.13169,0.173172608,0.41614013,2.6765158,15.49702,0.002581669,0.05081013,0.32679885
1,2.513,Ankara,FC,4,5,4,4,1,2,5,5,5,5,1,5,5,0,0,0,0,0,3,2,1,3,2,0,0,0,0,3,3,0,0,0,0,0,0,0,0,15.75037868,14.99915,0.56434453,0.75122868,4.769591229,15.275,0.225984889,0.47537868,3.018204766
2,0.663,Other,IL,2,4,2,5,2,3,5,5,5,5,2,5,5,0,0,0,0,0,1,1,1,1,1,0,0,0,0,1,3,0,0,0,0,0,0,0,0,14.53597082,14.95461,0.175258763,-0.41863918,-2.880022155,14.67957,0.020620724,-0.14359918,-0.987888472
3,1.064,Other,IL,6,4.5,6,6,4,4,10,8,10,10,8,10,7.5,6,4,9,3,12,20,12,6,1,10,2,2,2.5,2.5,2.5,7.5,25,12,10,6,18,12,12,6,14.79965095,14.83968,0.001602325,-0.04002905,-0.270472933,14.85025,0.002560264,-0.05059905,-0.341893536
4,2.063041667,Other,IL,3,4,3,4,2,2,5,5,5,5,2,5,5,2,1,2,1,4,2,2,1,2,1,2,3,3,5,1,3,5,1,3,2,3,4,3,3,15.27800525,15.23779,0.001617266,0.04021525,0.263223172,15.22715,0.002586256,0.05085525,0.332865771
5,1.784,Ankara,FC,6,6,4.5,7.5,8,10,10,8,8,8,10,8,6,0,0,0,0,0,5,6,3,1,5,0,0,0,0,7.5,5,0,0,0,0,0,0,0,0,15.42840629,15.06611,0.131258602,0.36229629,2.348241829,15.37778,0.002563021,0.05062629,0.328136873
6,1.543041667,İstanbul,IL,2,3,4,4,1,5,5,5,5,5,2,5,5,3,4,4,3,4,2,4,1,2,1,5,4,4,5,1,3,4,5,2,2,3,5,4,4,15.45773216,15.44379,0.000194384,0.01394216,0.090195378,15.44907,7.50E-05,0.00866216,0.056037716
7,1.290041667,İstanbul,IL,4,5,4,5,2,3,5,4,4,4,4,3,4,0,0,0,0,0,3,5,2,4,2,0,0,0,0,3,2,0,0,0,0,0,0,0,0,15.3177211,14.83422,0.233773314,0.4835011,3.156481939,14.96463,0.124673325,0.3530911,2.305115087
8,1.587041667,Other,IL,1,1,4,4,1,2,1,5,5,5,1,5,5,1,1,2,1,4,1,1,1,1,1,4,4,4,2,2,3,4,5,5,3,4,5,4,5,15.41540245,15.33228,0.006909342,0.08312245,0.539216866,15.36483,0.002557573,0.05057245,0.328064416
9,1.142,Other,IL,6,4.5,6,7.5,6,4,10,10,10,10,2,10,7.5,0,0,0,0,0,25,3,3,1,10,0,0,0,0,5,2.5,0,0,0,0,0,0,0,0,15.51006634,15.10363,0.165190498,0.40643634,2.620468095,15.45926,0.002581284,0.05080634,0.327570101
10,0.510041667,Other,FC,9,6,6,6,4,4,10,8,10,10,8,10,7.5,0,0,0,0,0,25,15,15,3,20,0,0,0,0,10,2.5,0,0,0,0,0,0,0,0,15.13596822,15.12541,0.000111476,0.01055822,0.069755828,15.1867,0.002573714,-0.05073178,-0.335173669
11,0.954041667,İstanbul,IL,2,4,4,4,2,5,5,5,5,5,2,5,5,2,2,5,2,4,2,5,1,1,3,5,2,3,5,3,3,5,5,4,2,3,4,4,2,15.45671261,15.3143,0.020281351,0.14241261,0.921364158,15.40596,0.002575827,0.05075261,0.328353197
12,0.672,Ankara,IL,2,2,4,4,2,1,5,4,5,5,3,5,5,0,0,0,0,0,3,4,1,2,2,0,0,0,0,1,3,0,0,0,0,0,0,0,0,14.366307,14.93399,0.322263988,-0.567683,-3.951488716,14.61447,0.061584875,-0.248163,-1.727395913
13,1.538041667,İstanbul,FC,4,5,4,4,1,3,5,5,5,5,2,5,5,0,0,0,0,0,3,4,1,2,1,0,0,0,0,3,3,0,0,0,0,0,0,0,0,15.38573893,14.96138,0.180080501,0.42435893,2.758131617,15.25285,0.017659468,0.13288893,0.863714968
14,1.099,Other,FC,2,2,4,4,1,2,5,5,5,5,2,5,5,0,0,0,0,0,3,3,1,3,2,0,0,0,0,2,3,0,0,0,0,0,0,0,0,14.50820614,14.96895,0.212284905,-0.46074386,-3.175746578,14.73726,0.052465671,-0.22905386,-1.578788293
15,1.059,İstanbul,IL,12,7.5,6,6,2,10,10,10,10,10,4,10,7.5,3,10,15,3,12,10,9,3,2,5,8,8,10,2.5,7.5,7.5,5,15,20,2,12,3,16,4,14.98455584,15.02462,0.001605137,-0.04006416,-0.267369687,15.0352,0.002564831,-0.05064416,-0.337975717
16,5.473,İstanbul,FC,3,5,4,4,2,5,5,4,5,4,3,5,4,0,0,0,0,0,1,4,1,1,1,0,0,0,0,2,2,0,0,0,0,0,0,0,0,16.7959738,14.94072,3.441966662,1.8552538,11.04582457,16.11034,0.470093708,0.6856338,4.082131874
17,1.88,İstanbul,FC,2,4,4,5,1,3,5,4,5,5,3,5,5,0,0,0,0,0,1,1,1,1,1,0,0,0,0,1,1,0,0,0,0,0,0,0,0,15.92129262,14.90132,1.040344146,1.01997262,6.40634303,15.39214,0.280002495,0.52915262,3.323553135
18,0.985041667,Ankara,IL,4,5,4,3,1,2,5,5,5,5,2,5,5,3,2,3,2,3,4,5,1,4,2,5,3,3,3,2,3,3,5,5,4,4,4,3,2,15.49027281,15.39566,0.008951584,0.09461281,0.610788533,15.43963,0.002564694,0.05064281,0.326932977
19,1.234041667,Other,IL,2,4,4,4,2,2,5,5,4,4,1,3,4,0,0,0,0,0,2,1,1,1,1,0,0,0,0,2,3,0,0,0,0,0,0,0,0,14.51956504,14.95145,0.186524619,-0.43188496,-2.974503429,14.57043,0.002587244,-0.05086496,-0.350320136
20,1.590041667,Other,IL,3,4,4,4,2,2,5,4,5,5,3,5,5,3,5,5,4,4,5,5,1,1,5,2,4,1,5,1,3,5,1,2,2,4,5,5,4,15.52492683,15.38014,0.020963226,0.14478683,0.932608775,15.57576,0.002584011,-0.05083317,-0.327429369
21,0.341,İstanbul,FC,5,5,4,4,2,2,5,4,4,4,4,3,4,0,0,0,0,0,4,5,1,3,1,0,0,0,0,3,1,0,0,0,0,0,0,0,0,13.95515945,14.85947,0.817777571,-0.90431055,-6.480116213,14.61778,0.439065993,-0.66262055,-4.74821196
22,3.106041667,Other,FC,9,6,6,6,4,6,10,10,10,10,2,10,7.5,0,0,0,0,0,15,12,3,3,10,0,0,0,0,7.5,7.5,0,0,0,0,0,0,0,0,15.19076571,15.10558,0.007256605,0.08518571,0.560772983,15.24127,0.002550683,-0.05050429,-0.332467046
23,2.038041667,Other,FC,2,4,4,4,2,2,5,3,4,4,5,4,4,0,0,0,0,0,2,2,1,1,1,0,0,0,0,2,3,0,0,0,0,0,0,0,0,14.91381213,14.87218,0.001733234,0.04163213,0.279151498,14.96454,0.002573317,-0.05072787,-0.340140197
24,1.929041667,İstanbul,IL,5,5,3,5,2,2,5,5,5,4,2,5,4,4,4,4,5,4,5,5,2,2,3,2,2,2,5,3,2,5,5,4,4,4,4,5,2,16.00202061,15.31768,0.46832207,0.68434061,4.27658873,15.95139,0.002563459,0.05063061,0.316401355
25,1.105,Other,FC,4,4,5,5,2,2,5,5,5,5,2,5,5,0,0,0,0,0,3,1,2,1,1,0,0,0,0,2,3,0,0,0,0,0,0,0,0,15.14486969,14.9331,0.044846402,0.21176969,1.398293246,15.19568,0.002581688,-0.05081031,-0.335495194
26,1.773,Ankara,IL,3,5,4,5,2,3,5,3,5,4,5,5,4,3,4,4,1,4,5,5,2,3,2,2,2,2,1,3,3,5,5,4,3,3,4,3,1,14.63415538,14.99051,0.126988615,-0.35635462,-2.435088399,14.68481,0.002565891,-0.05065462,-0.34613969
27,5.563041667,Other,FC,4,5,4,3,1,2,5,4,4,5,4,4,5,0,0,0,0,0,5,5,5,5,5,0,0,0,0,4,3,0,0,0,0,0,0,0,0,15.50842086,14.99637,0.262196083,0.51205086,3.301760151,15.55898,0.002556227,-0.05055914,-0.326010884
28,6.182,İstanbul,IL,4,5,4,4,1,3,5,5,4,4,2,4,4,3,4,4,2,4,5,5,2,4,3,5,3,4,2,4,2,3,5,5,2,3,5,4,4,15.36433716,15.36936,2.52E-05,-0.00502284,-0.03269155,15.41491,0.002557612,-0.05057284,-0.329157317
29,3.002041667,Ankara,FC,1,1,4,4,2,1,1,4,4,4,5,2,4,0,0,0,0,0,1,1,1,1,1,0,0,0,0,1,3,0,0,0,0,0,0,0,0,15.05327301,14.92051,0.017626017,0.13276301,0.881954442,15.00254,0.002573838,0.05073301,0.337023118
30,2.222,Other,IL,1,1,3,3,2,1,1,5,5,5,2,5,5,0,0,0,0,0,1,1,1,1,1,0,0,0,0,1,3,0,0,0,0,0,0,0,0,14.91685212,15.00981,0.008641167,-0.09295788,-0.623173571,14.86639,0.002546426,0.05046212,0.338289336
31,0.731,İstanbul,IL,4,5,4,4,1,3,5,5,5,5,2,5,5,2,3,3,1,3,4,2,1,2,1,5,2,5,2,2,3,4,3,3,2,3,4,3,3,14.53755807,15.23661,0.488673601,-0.69905193,-4.80859252,14.58829,0.002573729,-0.05073193,-0.348971469
32,2.175,Other,FC,3,4,3,4,3,2,5,4,4,4,3,4,4,0,0,0,0,0,5,1,1,1,1,0,0,0,0,1,3,0,0,0,0,0,0,0,0,14.99782776,14.91015,0.00768739,0.08767776,0.58460306,14.94706,0.002577365,0.05076776,0.338500754
33,0.618041667,Other,FC,2,3,4,4,2,2,5,5,5,5,1,5,5,0,0,0,0,0,3,1,1,2,1,0,0,0,0,2,3,0,0,0,0,0,0,0,0,14.67890756,14.97397,0.087061843,-0.29506244,-2.010111712,14.62815,0.00257633,0.05075756,0.345785678
34,1.016041667,İstanbul,FC,4,5,4,4,1,3,5,4,4,5,4,4,5,0,0,0,0,0,1,4,1,2,1,0,0,0,0,4,3,0,0,0,0,0,0,0,0,15.22671361,14.8974,0.108447454,0.32931361,2.162735955,15.17585,0.002587107,0.05086361,0.334041943
35,6.812041667,Other,IL,4,5,4,3,1,2,5,4,4,5,5,4,5,2,2,4,2,4,5,5,4,3,5,3,3,3,4,3,2,4,1,3,3,3,4,3,3,15.17748251,15.21777,0.001623082,-0.04028749,-0.265442507,15.22813,0.002565168,-0.05064749,-0.333701521
36,2.428041667,Ankara,FC,3,5,5,3,1,5,5,5,5,5,2,5,5,0,0,0,0,0,2,5,2,4,3,0,0,0,0,3,3,0,0,0,0,0,0,0,0,14.92350107,15.03081,0.011515206,-0.10730893,-0.719060021,14.97432,0.002582564,-0.05081893,-0.340529543
37,1.592041667,Ankara,IL,2,3,4,3,1,5,5,5,5,5,1,5,5,1,1,2,1,4,1,3,1,2,5,1,1,1,1,1,3,5,5,5,3,4,4,3,1,14.82371918,15.13534,0.097107535,-0.31162082,-2.102177033,14.87457,0.002585806,-0.05085082,-0.343036855
38,1.444,İstanbul,FC,3,5,4,4,2,5,5,4,5,4,3,5,4,0,0,0,0,0,1,4,1,1,1,0,0,0,0,2,2,0,0,0,0,0,0,0,0,15.51327065,14.91693,0.355622171,0.59634065,3.844067853,15.43514,0.006104398,0.07813065,0.50363751
39,2.105041667,İstanbul,IL,4,5,4,4,2,3,5,4,4,4,4,4,4,4,4,3,3,3,3,5,1,2,2,3,3,3,1,2,2,4,1,2,2,3,4,3,2,15.15525169,15.19535,0.001607874,-0.04009831,-0.264583597,15.20586,0.002561201,-0.05060831,-0.333932494
40,1.422,İstanbul,IL,3,5,4,4,2,2,5,1,4,4,5,2,4,4,4,4,3,3,5,5,5,1,1,5,5,5,1,3,2,5,5,3,3,3,4,3,2,15.73778398,15.3176,0.176554577,0.42018398,2.669905627,15.68698,0.002581044,0.05080398,0.322815335
41,2.040041667,İstanbul,IL,4,5,5,4,1,5,5,3,4,5,5,3,5,3,4,5,5,4,5,5,5,5,5,5,3,5,1,5,1,5,5,4,3,3,4,4,1,15.33156857,15.33166,8.36E-09,-9.14E-05,-0.000596351,15.38238,0.002581801,-0.05081143,-0.331417035
42,1.192041667,İstanbul,IL,12,7.5,6,6,4,4,10,8,10,10,6,10,7.5,0,0,0,0,0,25,15,6,4,20,0,0,0,0,7.5,5,0,0,0,0,0,0,0,0,15.41535359,15.1107,0.09281381,0.30465359,1.976299721,15.36468,0.002567813,0.05067359,0.328721555
43,1.925041667,Ankara,FC,2,4,5,4,1,2,5,5,5,5,2,5,5,0,0,0,0,0,1,1,1,2,1,0,0,0,0,1,3,0,0,0,0,0,0,0,0,14.82078056,14.97579,0.024027926,-0.15500944,-1.045892552,14.76995,0.002583746,0.05083056,0.342968171
44,3.732041667,Ankara,IL,2,3,5,3,1,5,5,5,5,5,1,5,5,1,1,3,1,4,1,3,1,2,1,1,1,1,1,2,3,3,5,5,2,3,4,3,4,15.26575952,15.22565,0.001608774,0.04010952,0.262741726,15.24035,0.000645644,0.02540952,0.166447794
45,1.064,Other,FC,6,6,6,4.5,2,8,10,10,10,8,4,10,6,0,0,0,0,0,5,15,3,2,5,0,0,0,0,5,7.5,0,0,0,0,0,0,0,0,15.13803544,15.1048,0.001104594,0.03323544,0.219549228,15.10325,0.001210027,0.03478544,0.229788338
46,1.225041667,Ankara,IL,3,5,5,3,1,2,5,5,5,5,2,5,5,2,2,4,2,4,2,5,2,4,2,1,1,1,4,3,3,5,5,4,2,2,4,3,3,15.26260788,15.26858,3.57E-05,-0.00597212,-0.039129093,15.31338,0.002577808,-0.05077212,-0.332656912
47,1.835,Ankara,IL,4,5,5,3,1,2,5,4,5,5,3,5,5,4,4,3,5,4,3,5,3,5,5,4,4,4,4,5,3,4,1,2,2,3,5,5,1,15.87798751,15.52666,0.123431019,0.35132751,2.212670276,15.82716,0.002583436,0.05082751,0.320113049
48,1.107,Other,FC,4,5,4,4,2,2,5,4,4,5,4,4,5,0,0,0,0,0,5,5,3,3,5,0,0,0,0,4,3,0,0,0,0,0,0,0,0,15.78983933,14.87498,0.836967594,0.91485933,5.793974916,15.2104,0.335749937,0.57943933,3.669697442
49,2.466041667,İstanbul,FC,12,7.5,6,6,2,8,10,10,10,10,4,10,7.5,0,0,0,0,0,15,3,3,3,5,0,0,0,0,7.5,7.5,0,0,0,0,0,0,0,0,15.97083409,15.10114,0.75636781,0.86969409,5.445514524,15.92017,0.00256685,0.05066409,0.317228829
50,1.706041667,Ankara,IL,3,5,4,5,3,4,5,4,4,4,5,4,4,1,1,2,1,1,5,5,1,3,2,2,2,2,1,3,3,5,2,3,2,2,2,3,3,14.58381066,14.92514,0.116505718,-0.34132934,-2.34046744,14.6346,0.002579557,-0.05078934,-0.348258361
51,1.15,Other,IL,2,2,4,4,2,2,4,4,5,5,4,5,5,0,0,0,0,0,5,4,2,1,2,0,0,0,0,1,3,0,0,0,0,0,0,0,0,15.00123008,14.91183,0.007992374,0.08940008,0.595951662,14.9504,0.002583697,0.05083008,0.338839413
52,0.415,Other,FC,2,3,4,4,2,1,1,4,4,5,3,4,5,0,0,0,0,0,1,1,1,1,1,0,0,0,0,1,3,0,0,0,0,0,0,0,0,14.38265848,14.93602,0.306208972,-0.55336152,-3.847421676,14.33196,0.002570336,0.05069848,0.35249728
53,0.643041667,Other,FC,3,4,4,3,1,2,5,5,5,5,2,5,5,0,0,0,0,0,2,4,2,1,1,0,0,0,0,3,3,0,0,0,0,0,0,0,0,15.53743162,14.99577,0.293397311,0.54166162,3.486172189,15.00523,0.283238564,0.53220162,3.425286965
54,5.689041667,Other,IL,2,4,5,4,1,1,3,4,4,4,4,2,3,0,0,0,0,0,1,2,2,1,1,0,0,0,0,2,3,0,0,0,0,0,0,0,0,15.35277899,14.93245,0.17667646,0.42032899,2.737803952,15.39842,0.002083102,-0.04564101,-0.29728175
55,2.333041667,İstanbul,FC,2,4,4,4,1,4,5,5,5,5,1,5,5,0,0,0,0,0,1,1,1,1,1,0,0,0,0,3,3,0,0,0,0,0,0,0,0,15.75298134,14.9901,0.581987939,0.76288134,4.842774352,15.39502,0.128136321,0.35796134,2.272340278
56,0.656041667,İstanbul,IL,4,5,4,4,2,2,5,4,4,4,5,3,4,0,0,0,0,0,4,5,2,2,2,0,0,0,0,3,3,0,0,0,0,0,0,0,0,14.68702733,14.84644,0.025412399,-0.15941267,-1.08539779,14.73763,0.00256063,-0.05060267,-0.344539905
57,2.385041667,Other,FC,2,3,4,3,1,4,5,5,5,5,2,5,5,0,0,0,0,0,1,2,1,1,1,0,0,0,0,3,2,0,0,0,0,0,0,0,0,14.99688094,14.99163,2.76E-05,0.00525094,0.035013547,15.37389,0.142135831,-0.37700906,-2.51391647
58,0.995041667,İstanbul,FC,3,4,4,5,2,2,5,5,5,5,2,5,5,0,0,0,0,0,1,3,1,3,1,0,0,0,0,2,3,0,0,0,0,0,0,0,0,14.91559809,14.9255,9.80E-05,-0.00990191,-0.066386275,14.86492,0.002568269,0.05067809,0.339765725
59,2.588,İstanbul,FC,4,5,4,4,1,3,5,5,5,5,2,5,5,0,0,0,0,0,3,3,1,3,1,0,0,0,0,2,3,0,0,0,0,0,0,0,0,15.09657412,14.97037,0.01592748,0.12620412,0.835978541,15.15479,0.003389089,-0.05821588,-0.385623119
60,0.975041667,Ankara,IL,12,7.5,6,6,2,6,10,8,10,10,6,10,7.5,6,4,9,3,12,10,15,6,3,10,4,4,5,2.5,5,7.5,10,15,20,4,18,12,12,2,14.96765477,15.00797,0.001625318,-0.04031523,-0.26934901,15.01848,0.002583204,-0.05082523,-0.339567092
61,2.407041667,İstanbul,FC,12,7.5,6,6,4,6,10,8,8,8,6,8,6,0,0,0,0,0,15,12,3,2,5,0,0,0,0,7.5,5,0,0,0,0,0,0,0,0,15.28581812,15.04097,0.059950602,0.24484812,1.60179925,15.33652,0.002570681,-0.05070188,-0.331692289
62,1.508,Other,FC,2,4,4,4,2,3,5,5,5,4,2,5,4,4,1,2,2,4,3,1,1,1,1,3,3,3,1,2,3,1,1,3,2,3,1,3,3,15.48061248,15.25966,0.048819998,0.22095248,1.42728513,15.42987,0.002574799,0.05074248,0.32778083
63,0.514041667,Other,FC,2,2,4,4,3,1,4,5,5,5,2,5,5,0,0,0,0,0,2,1,1,1,1,0,0,0,0,1,3,0,0,0,0,0,0,0,0,14.29774101,14.96859,0.450038367,-0.67084899,-4.691992879,14.50543,0.043134717,-0.20768899,-1.452600029
64,6.016041667,İstanbul,IL,12,7.5,6,6,2,8,10,10,10,10,4,10,7.5,15,10,15,15,12,10,9,6,3,5,10,10,12.5,5,5,7.5,20,15,25,4,24,15,20,6,14.75209478,14.85188,0.00995709,-0.09978522,-0.676413902,14.80277,0.002567978,-0.05067522,-0.343512028
65,0.376,Ankara,FC,3,5,4,3,1,2,5,5,5,5,1,5,5,0,0,0,0,0,1,1,1,1,1,0,0,0,0,1,3,0,0,0,0,0,0,0,0,14.37858835,15.02908,0.423139387,-0.65049165,-4.524029996,14.42931,0.002572686,-0.05072165,-0.352758204
66,1.818,Other,FC,2,2,4,3,1,1,1,4,5,5,3,5,5,0,0,0,0,0,4,3,1,1,2,0,0,0,0,2,3,0,0,0,0,0,0,0,0,14.4479152,14.98372,0.287086784,-0.5358048,-3.70852675,14.82707,0.143758362,-0.3791548,-2.624287274
67,1.402,İstanbul,FC,4,5,4,5,2,4,5,4,4,4,3,3,4,0,0,0,0,0,5,5,3,5,3,0,0,0,0,5,1,0,0,0,0,0,0,0,0,15.21490203,14.87881,0.112957853,0.33609203,2.208966113,15.25428,0.001550625,-0.03937797,-0.258811854
68,1.752041667,İstanbul,IL,2,4,3,4,2,3,5,5,5,4,1,5,4,2,2,2,1,4,2,1,1,2,1,5,3,5,5,2,3,5,5,5,4,4,4,3,4,15.16012865,15.28484,0.015552921,-0.12471135,-0.822627254,15.21095,0.00258281,-0.05082135,-0.335230335
69,1.220041667,Other,IL,2,2,4,5,4,2,5,5,5,5,1,5,5,0,0,0,0,0,3,1,1,2,1,0,0,0,0,2,3,0,0,0,0,0,0,0,0,15.05457499,14.95089,0.010750577,0.10368499,0.688727447,15.0041,0.002547725,0.05047499,0.335280073
70,2.957,İstanbul,FC,4,5,4,4,1,4,5,5,5,5,2,5,5,0,0,0,0,0,3,5,1,4,2,0,0,0,0,3,3,0,0,0,0,0,0,0,0,15.19748736,14.98891,0.043504515,0.20857736,1.372446346,15.24491,0.002248907,-0.04742264,-0.312042635
71,2.948,İstanbul,IL,12,7.5,6,6,2,10,10,10,10,10,4,10,7.5,9,8,12,3,12,10,9,6,3,5,8,8,10,10,10,7.5,5,6,10,6,18,12,12,6,15.23534245,15.1951,0.001619455,0.04024245,0.264138795,15.18466,0.002568711,0.05068245,0.332663674
72,1.975041667,Ankara,IL,3,5,4,4,2,2,5,3,4,5,5,4,5,3,2,3,1,4,4,5,5,3,5,5,2,5,3,5,1,4,3,3,2,3,4,3,1,14.74190012,15.10329,0.130602645,-0.36138988,-2.45144708,14.79249,0.002559336,-0.05058988,-0.343170688
73,1.185041667,Ankara,FC,4,5,4,5,2,2,5,3,4,5,5,4,5,0,0,0,0,0,5,5,5,5,5,0,0,0,0,5,0,0,0,0,0,0,0,0,0,15.02380411,14.85934,0.027048443,0.16446411,1.094690192,15.07453,0.002573116,-0.05072589,-0.33763679
74,1.127,İstanbul,IL,12,7.5,6,6,2,8,10,8,8,8,8,8,6,12,10,12,9,9,20,15,6,4,25,10,8,10,2.5,12.5,2.5,20,9,15,4,12,12,12,4,15.52040737,15.48008,0.001626297,0.04032737,0.259834481,15.47004,0.002536872,0.05036737,0.324523505
75,3.365041667,İstanbul,FC,5,5,4,5,1,4,5,3,4,4,5,3,4,0,0,0,0,0,5,5,5,5,4,0,0,0,0,5,0,0,0,0,0,0,0,0,0,16.6218401,14.86997,3.069048847,1.7518701,10.53956776,16.06382,0.311386432,0.5580201,3.35714997
76,2.228,İstanbul,FC,2,2,4,4,2,2,5,5,5,5,2,5,5,0,0,0,0,0,3,4,1,2,1,0,0,0,0,2,3,0,0,0,0,0,0,0,0,15.33948273,14.95569,0.14729686,0.38379273,2.501992647,15.17308,0.027689869,0.16640273,1.084800139
77,0.433041667,Ankara,FC,3,5,3,5,3,4,5,4,4,4,5,4,4,0,0,0,0,0,5,5,1,3,1,0,0,0,0,3,2,0,0,0,0,0,0,0,0,14.45990962,14.81219,0.124101466,-0.35228038,-2.436255753,14.62485,0.027205329,-0.16494038,-1.140673658
78,0.824041667,Ankara,IL,9,7.5,6,7.5,8,6,10,10,8,8,4,6,6,3,2,9,3,12,25,12,6,2,10,4,4,5,2.5,7.5,2.5,20,9,20,4,18,12,12,2,15.16911229,15.12919,0.001593789,0.03992229,0.263181452,15.11858,0.002553512,0.05053229,0.333126217
79,1.802,Other,IL,4,5,4,3,1,3,5,5,5,5,1,5,5,2,2,4,2,4,3,3,1,4,4,3,3,3,2,2,3,4,5,5,3,3,4,4,3,15.65815656,15.42102,0.056233748,0.23713656,1.514460269,15.6074,0.002576228,0.05075656,0.324154123
80,1.903041667,İstanbul,FC,4,5,4,5,1,3,5,5,5,5,2,5,5,0,0,0,0,0,3,5,2,5,3,0,0,0,0,5,1,0,0,0,0,0,0,0,0,15.13121184,14.96301,0.028291859,0.16820184,1.111621738,15.24769,0.013567162,-0.11647816,-0.769787385
81,3.303,İstanbul,FC,2,4,4,4,1,3,5,4,5,5,3,5,5,0,0,0,0,0,2,4,2,2,1,0,0,0,0,2,3,0,0,0,0,0,0,0,0,15.21832225,14.92801,0.084281203,0.29031225,1.907649511,15.44614,0.051900927,-0.22781775,-1.496996491
82,1.773,Other,FC,2,2,4,3,2,1,5,4,5,5,5,5,5,0,0,0,0,0,5,4,2,2,2,0,0,0,0,2,3,0,0,0,0,0,0,0,0,15.15248231,14.924,0.052204166,0.22848231,1.507886994,15.10184,0.002564644,0.05064231,0.334217912
83,5.986041667,İstanbul,IL,2,4,4,4,2,5,5,4,5,4,3,5,4,4,4,5,5,5,2,4,1,2,1,5,5,5,1,2,3,5,5,5,3,4,4,5,3,15.60161959,15.56136,0.001620835,0.04025959,0.258047504,15.65254,0.002592888,-0.05092041,-0.326379
84,1.910041667,Ankara,IL,4,4,5,3,1,3,5,5,5,5,2,5,5,3,2,4,1,4,1,3,2,2,3,3,2,3,5,2,3,4,3,3,2,4,4,3,1,15.26255965,15.27786,0.000234101,-0.01530035,-0.100247602,15.21175,0.002581621,0.05080965,0.332903859
85,5.473,İstanbul,FC,3,5,4,4,2,5,5,4,5,4,3,5,4,0,0,0,0,0,1,4,1,1,1,0,0,0,0,2,3,0,0,0,0,0,0,0,0,15.82975896,14.94947,0.774908653,0.88028896,5.560975137,15.94067,0.012301259,-0.11091104,-0.70064895
86,1.255041667,Other,FC,3,3,4,4,2,2,5,4,5,5,3,5,5,0,0,0,0,0,3,5,1,3,2,0,0,0,0,2,3,0,0,0,0,0,0,0,0,15.02488365,14.92471,0.01003476,0.10017365,0.666718308,14.92191,0.010603573,0.10297365,0.685354059
87,2.516,İstanbul,FC,5,5,4,4,1,3,5,5,4,4,2,4,4,0,0,0,0,0,5,5,3,4,2,0,0,0,0,5,2,0,0,0,0,0,0,0,0,15.59158025,14.94544,0.417497223,0.64614025,4.144161398,15.64232,0.002574522,-0.05073975,-0.325430451
88,0.540041667,Other,FC,1,2,5,4,1,2,1,4,5,5,3,5,5,0,0,0,0,0,1,1,1,1,1,0,0,0,0,1,2,0,0,0,0,0,0,0,0,14.52122691,14.96117,0.193549922,-0.43994309,-3.029655089,14.57204,0.00258197,-0.05081309,-0.349922843
89,2.061041667,İstanbul,IL,1,1,4,3,1,2,1,5,5,5,1,5,5,1,1,1,1,1,2,1,1,1,1,1,1,1,5,1,3,5,4,4,3,3,4,2,3,14.67606784,15.10269,0.182006467,-0.42662216,-2.906924148,14.72677,0.002570709,-0.05070216,-0.3454751
90,0.511041667,İstanbul,FC,12,7.5,6,6,2,8,10,10,8,8,4,8,6,0,0,0,0,0,15,9,3,3,5,0,0,0,0,5,7.5,0,0,0,0,0,0,0,0,15.04695329,15.07711,0.000909427,-0.03015671,-0.200417383,15.09747,0.002551938,-0.05051671,-0.335727167
91,2.752041667,Other,IL,3,5,4,4,1,2,5,5,5,5,1,5,5,0,0,0,0,0,3,2,1,2,2,0,0,0,0,1,3,0,0,0,0,0,0,0,0,14.54953429,14.99101,0.194900803,-0.44147571,-3.03429444,15.00727,0.20952198,-0.45773571,-3.146050594
92,4.444,İstanbul,FC,12,7.5,7.5,6,2,10,10,8,8,10,8,8,7.5,0,0,0,0,0,25,15,6,3,25,0,0,0,0,10,7.5,0,0,0,0,0,0,0,0,15.72984527,15.12192,0.369573134,0.60792527,3.86478862,15.67909,0.002576097,0.05075527,0.32266859
93,0.809041667,Other,IL,3,4,4,4,1,2,5,4,4,5,4,4,5,5,5,3,2,4,3,5,1,3,1,2,2,2,1,2,2,3,1,4,3,4,5,5,3,15.04248029,15.09629,0.002895485,-0.05380971,-0.357718335,14.99172,0.002576607,0.05076029,0.337446279
94,1.242041667,Other,FC,2,3,4,4,2,2,5,5,5,5,1,5,5,3,2,4,1,3,3,2,1,2,1,5,1,2,5,1,3,4,4,3,4,4,4,3,5,15.13825791,15.17852,0.001621036,-0.04026209,-0.265962505,15.17552,0.001388463,-0.03726209,-0.246145166
95,0.937041667,Other,FC,2,4,4,4,2,2,5,5,5,5,2,5,5,0,0,0,0,0,1,1,1,1,1,0,0,0,0,1,3,0,0,0,0,0,0,0,0,14.05492029,14.96331,0.825171865,-0.90838971,-6.463143805,14.62008,0.319405498,-0.56515971,-4.021080862
96,1.131,Other,FC,4,5,2,4,2,2,5,4,4,4,3,4,4,0,0,0,0,0,3,2,1,2,3,0,0,0,0,2,2,0,0,0,0,0,0,0,0,15.67377895,14.91204,0.580246228,0.76173895,4.859957209,15.1033,0.325446232,0.57047895,3.639702664
97,2.166,İstanbul,FC,3,5,4,4,1,4,5,4,5,4,4,5,4,0,0,0,0,0,4,5,2,4,5,0,0,0,0,5,1,0,0,0,0,0,0,0,0,15.71684122,14.90998,0.651025028,0.80686122,5.133736536,15.66602,0.002582796,0.05082122,0.323355179
98,1.392,Other,FC,3,4,4,4,1,2,5,2,4,5,5,4,5,0,0,0,0,0,3,5,1,3,1,0,0,0,0,2,3,0,0,0,0,0,0,0,0,14.66766333,14.87201,0.041757562,-0.20434667,-1.393178078,14.71827,0.002561035,-0.05060667,-0.345022032
99,5.493,İstanbul,IL,4,5,4,4,2,4,5,4,4,4,5,3,4,5,5,5,5,5,5,5,5,3,1,5,5,5,1,5,1,5,5,4,2,5,5,5,3,16.42375692,15.47816,0.894153535,0.94559692,5.757494613,16.37288,0.002588461,0.05087692,0.309776382
100,2.659041667,İstanbul,FC,3,5,4,4,2,5,5,5,5,5,2,5,5,0,0,0,0,0,4,5,2,2,1,0,0,0,0,4,3,0,0,0,0,0,0,0,0,16.08271197,14.93961,1.306682114,1.14310197,7.107644358,15.75122,0.109886926,0.33149197,2.0611696
101,0.844041667,Other,IL,3,4,5,4,2,2,5,4,5,5,4,5,5,5,4,5,5,4,5,5,4,2,5,1,1,1,0,2,3,5,5,5,5,4,5,5,4,15.37543801,15.16031,0.046280061,0.21512801,1.399166709,15.59843,0.049725428,-0.22299199,-1.450313089
102,3.764041667,Other,FC,4,5,2,5,2,2,5,4,4,4,3,4,4,0,0,0,0,0,4,4,1,2,3,0,0,0,0,1,3,0,0,0,0,0,0,0,0,14.82275728,14.9022,0.006311146,-0.07944272,-0.535951028,15.56597,0.552365147,-0.74321272,-5.013997774
103,1.122,Other,FC,2,4,4,4,1,2,5,5,5,5,2,5,5,0,0,0,0,0,2,3,1,2,1,0,0,0,0,2,2,0,0,0,0,0,0,0,0,15.30379998,14.95099,0.124474882,0.35280998,2.305375008,14.85315,0.203085404,0.45064998,2.944693348
104,2.901,Other,IL,4,5,4,3,1,3,5,5,5,5,2,5,5,1,2,2,1,3,2,5,1,3,4,1,1,4,3,2,3,5,5,3,3,5,4,3,2,15.31239056,15.22137,0.008284742,0.09102056,0.594424232,15.05202,0.067792829,0.26037056,1.70039132
105,2.483041667,Other,FC,1,2,5,3,1,2,1,5,5,5,1,5,5,0,0,0,0,0,1,1,1,1,1,0,0,0,0,1,2,0,0,0,0,0,0,0,0,14.84227985,15.02349,0.032837118,-0.18121015,-1.220905089,14.68128,0.025920952,0.16099985,1.084738003
106,2.391041667,Other,FC,3,3,6,6,4,2,2,8,10,10,6,10,7.5,0,0,0,0,0,5,3,3,1,5,0,0,0,0,2.5,7.5,0,0,0,0,0,0,0,0,15.40245211,15.08645,0.099857334,0.31600211,2.051635076,15.50094,0.009699864,-0.09848789,-0.639429938
107,1.341041667,Other,IL,4,4,4,4,1,2,5,4,5,5,3,5,5,3,5,5,3,4,5,5,3,3,5,2,2,2,3,3,1,5,5,5,3,4,4,4,3,14.99375316,15.2174,0.050017909,-0.22364684,-1.491600119,15.52214,0.279192653,-0.52838684,-3.524046544
108,0.906041667,Other,FC,1,2,5,4,1,2,1,5,4,4,2,4,3,0,0,0,0,0,1,1,1,1,1,0,0,0,0,2,3,0,0,0,0,0,0,0,0,15.08818595,14.97684,0.012397921,0.11134595,0.737967774,14.51854,0.324496508,0.56964595,3.775443595
109,2.686041667,Ankara,FC,2,4,3,5,4,5,5,4,4,4,5,4,4,0,0,0,0,0,1,2,1,1,1,0,0,0,0,3,2,0,0,0,0,0,0,0,0,15.25517103,14.85283,0.161878304,0.40234103,2.637407534,15.61244,0.127641117,-0.35726897,-2.341953226
110,0.827041667,Other,IL,6,3,6,6,4,4,10,8,10,10,6,10,7.5,9,8,12,3,12,10,12,6,1,10,2,2,2.5,2.5,5,7.5,15,3,15,6,18,12,16,6,14.89869985,14.93879,0.00160722,-0.04009015,-0.269084889,15.0094,0.012254523,-0.11070015,-0.743018861
111,0.874041667,Other,FC,2,3,4,4,2,1,5,5,5,5,1,5,5,0,0,0,0,0,1,1,1,1,1,0,0,0,0,2,3,0,0,0,0,0,0,0,0,14.91180984,14.98843,0.005870649,-0.07662016,-0.513822003,14.7027,0.043726925,0.20910984,1.402310264
112,6.137,İstanbul,IL,4,5,5,4,1,5,5,5,4,4,2,4,4,3,4,2,1,4,2,3,2,2,1,3,3,4,5,3,3,3,2,1,2,2,1,3,3,15.14635299,15.20575,0.003528005,-0.05939701,-0.392153874,15.29645,0.022529112,-0.15009701,-0.990977895
113,2.945,Other,FC,3,4,4,4,1,2,5,5,5,5,2,5,5,0,0,0,0,0,2,3,1,2,1,0,0,0,0,2,2,0,0,0,0,0,0,0,0,14.5560288,14.9554,0.159497355,-0.3993712,-2.743682398,15.3657,0.655567452,-0.8096712,-5.562445713
114,2.217,Other,IL,4,5,5,4,2,2,5,4,5,5,3,5,5,3,4,3,1,3,5,5,4,5,5,3,3,3,2,4,1,5,3,3,2,3,4,3,1,15.23992767,15.19973,0.001615853,0.04019767,0.263765491,15.01321,0.051400902,0.22671767,1.487655814
115,0.972041667,İstanbul,IL,6,4.5,6,6,4,8,10,10,10,10,4,10,7.5,6,4,12,6,12,5,9,3,2,5,8,8,10,12.5,5,7.5,25,15,25,4,18,12,16,8,15.40126727,15.36127,0.001599782,0.03999727,0.259701162,15.09036,0.096663331,0.31090727,2.018712256
116,1.007041667,Ankara,FC,2,4,4,4,2,2,5,4,4,5,3,4,5,0,0,0,0,0,2,2,1,1,1,0,0,0,0,3,3,0,0,0,0,0,0,0,0,16.00095468,14.91181,1.186236134,1.08914468,6.806748108,14.87452,1.268855088,1.12643468,7.039796703
117,3.292,Ankara,IL,3,5,4,5,3,3,5,4,4,5,4,2,5,1,3,3,1,4,5,5,4,2,2,1,1,1,1,3,1,3,3,3,2,3,4,3,1,14.5180064,14.85553,0.113922181,-0.3375236,-2.324861904,15.28748,0.592089621,-0.7694736,-5.300132668
118,1.833,İstanbul,IL,12,7.5,7.5,4.5,2,10,10,10,10,10,4,10,7.5,3,4,9,3,3,10,15,3,4,5,6,4,7.5,5,10,5,25,6,10,4,18,12,12,2,14.42952037,14.84416,0.171926023,-0.41463963,-2.873551022,15.1411,0.50634557,-0.71157963,-4.931415679
119,0.363,İstanbul,IL,4,5,4,4,2,3,5,5,5,5,1,5,5,0,0,0,0,0,2,2,2,1,1,0,0,0,0,2,3,0,0,0,0,0,0,0,0,15.14523959,14.97599,0.028645424,0.16924959,1.117510152,14.95687,0.035483102,0.18836959,1.243754441
120,1.232041667,Other,FC,2,3,4,4,2,2,5,4,5,5,3,5,5,0,0,0,0,0,5,4,2,2,3,0,0,0,0,2,3,0,0,0,0,0,0,0,0,15.21855534,14.91096,0.094614893,0.30759534,2.021186198,15.02662,0.036839175,0.19193534,1.261192904
121,3.701,Ankara,FC,2,4,4,4,2,3,5,5,5,4,2,5,4,0,0,0,0,0,2,2,1,1,1,0,0,0,0,2,3,0,0,0,0,0,0,0,0,15.05245652,14.95906,0.00872291,0.09339652,0.620473608,15.52717,0.225352888,-0.47471348,-3.153727628
122,6.475041667,İstanbul,IL,12,7.5,6,7.5,2,8,10,8,8,8,10,6,6,15,8,12,6,9,25,15,9,5,15,6,10,10,5,12.5,2.5,25,15,25,6,18,3,16,6,15.27101493,15.23333,0.001420154,0.03768493,0.246774233,15.19173,0.0062861,0.07928493,0.519185728
123,1.153041667,Other,FC,1,1,4,3,1,1,1,4,5,5,3,5,5,0,0,0,0,0,1,1,1,1,1,0,0,0,0,2,3,0,0,0,0,0,0,0,0,15.26563123,14.9948,0.073349555,0.27083123,1.774124017,14.63311,0.400083106,0.63252123,4.143433183
124,3.423041667,Ankara,IL,1,3,0,5,5,5,1,5,5,5,2,5,5,0,0,0,0,0,1,2,2,1,2,0,0,0,0,2,3,0,0,0,0,0,0,0,0,15.15314158,15.02159,0.017305818,0.13155158,0.868147237,15.48181,0.10802293,-0.32866842,-2.168978745
125,1.583041667,Other,IL,9,6,6,6,4,6,10,6,8,10,10,8,7.5,9,10,15,3,12,15,15,9,2,25,6,4,7.5,2.5,5,7.5,20,9,15,4,24,12,16,2,15.38007808,15.33989,0.001615082,0.04018808,0.261299584,15.11306,0.071298655,0.26701808,1.736129548
126,2.356041667,Other,IL,3,3,4,4,2,2,5,4,5,5,3,5,5,1,5,4,2,4,5,5,2,1,4,3,3,3,2,2,3,5,5,5,4,2,5,3,2,15.20573444,15.21806,0.000151919,-0.01232556,-0.08105863,15.19448,0.000126662,0.01125444,0.074014445
127,2.673041667,Other,FC,3,4,4,4,2,2,5,5,5,5,1,5,5,0,0,0,0,0,3,2,1,2,1,0,0,0,0,3,3,0,0,0,0,0,0,0,0,15.84264145,14.97542,0.752073043,0.86722145,5.473970062,15.39453,0.200803872,0.44811145,2.828514749
128,1.175041667,Ankara,FC,2,4,4,4,1,2,5,5,5,5,1,5,5,0,0,0,0,0,1,1,1,1,1,0,0,0,0,3,2,0,0,0,0,0,0,0,0,14.68422319,14.98297,0.089249656,-0.29874681,-2.034474729,15.09764,0.170913459,-0.41341681,-2.815380866
129,2.884,Other,FC,4,5,5,4,2,2,5,4,5,5,3,5,5,0,0,0,0,0,5,5,4,5,5,0,0,0,0,4,1,0,0,0,0,0,0,0,0,15.18664153,14.96042,0.051176181,0.22622153,1.489608677,15.32973,0.02047431,-0.14308847,-0.942199562
130,1.160041667,Other,FC,3,4,3,4,2,1,5,5,5,5,2,5,5,0,0,0,0,0,3,1,1,1,1,0,0,0,0,2,3,0,0,0,0,0,0,0,0,15.03224508,14.9661,0.004375172,0.06614508,0.440021299,14.86958,0.026459928,0.16266508,1.08210769
131,4.439,Ankara,FC,3,4,4,5,3,4,5,4,4,4,5,4,4,0,0,0,0,0,4,5,1,2,1,0,0,0,0,3,2,0,0,0,0,0,0,0,0,14.9785423,14.82412,0.023846247,0.1544223,1.030956797,15.97847,0.999855405,-0.9999277,-6.675734394
132,2.381041667,Other,FC,2,3,3,5,4,2,4,4,4,4,4,4,4,0,0,0,0,0,4,3,2,1,1,0,0,0,0,2,3,0,0,0,0,0,0,0,0,15.57122722,14.86905,0.493052848,0.70217722,4.509453302,15.28959,0.079319524,0.28163722,1.808702783
133,3.003041667,Ankara,FC,4,5,4,4,2,3,5,4,4,5,5,4,5,0,0,0,0,0,3,2,2,1,1,0,0,0,0,3,3,0,0,0,0,0,0,0,0,16.04151197,14.86754,1.378210186,1.17397197,7.3183374,15.61319,0.18345971,0.42832197,2.670084783
134,3.099041667,Other,FC,3,4,4,4,2,3,5,5,5,5,1,5,5,0,0,0,0,0,2,3,1,2,2,0,0,0,0,2,3,0,0,0,0,0,0,0,0,14.74958502,14.97559,0.051078251,-0.22600498,-1.532280262,15.40864,0.434353467,-0.65905498,-4.468295068
135,1.525041667,İstanbul,FC,4,5,4,5,2,2,5,5,5,5,2,5,5,0,0,0,0,0,1,1,1,1,1,0,0,0,0,3,3,0,0,0,0,0,0,0,0,15.79203776,14.93711,0.730901475,0.85492776,5.413663347,15.39301,0.159223153,0.39902776,2.526765488
136,1.948041667,İstanbul,FC,4,5,3,5,2,2,5,4,4,5,4,4,5,0,0,0,0,0,2,1,1,1,1,0,0,0,0,3,3,0,0,0,0,0,0,0,0,15.6660484,14.87531,0.625267217,0.7907384,5.047465575,15.33475,0.10975863,0.3312984,2.114754095
,,,,,,,,,,,,,,,,,,,,,,,,,,,,,,,,,,,,,,,,,,,0.315899234,,,,0.125331166,,
